tag,title
documentary,Into the Wild Colomb (2007)
documentary,Procrastination (2007)
documentary,A History of Art in Three Colours (2012)
documentary,The Salt of the Earth (2014)
documentary,Wildlife Icons (2015) - Dung Beetle Nature's Recycler
documentary,Incredible Spiders (2016)
documentary,Rams (2018)
documentary,Queen of the Pythons (2019)
documentary,Islands of Wonder E02 - Borneo
documentary,Life That Glows - David Attenborough
documentary,The surprising pattern behind color names around the world
documentary,舌尖上的中国 (2012)
documentary,食彩の王国
short film,Procrastination (2007)
short film,Next Floor (2008)
short film,DOUBLE KING (2017)
short film,The Editor - A Celebration of the Cr
short film,The Egyptian myth of Isis and the seven scorpions
short film,うた - 森羅万象 (Sinrabansyo)
short film,ガラガラ (Pattern Song)